{"cameraMode":{"drawMode":0,"name":"Shaded","section":"Shading Mode"},"sceneLighting":false,"audioPlay":false,"sceneViewState":{"showFog":true,"showMaterialUpdate":false,"showSkybox":false,"showFlares":true,"showImageEffects":true,"showParticleSystems":true},"in2DMode":false,"pivot":{"x":-1.119582176208496,"y":0.6227875351905823,"z":2.934130907058716},"rotation":{"x":-0.023765040561556817,"y":0.6558932065963745,"z":-0.020667502656579019,"w":-0.7541969418525696},"size":1.59999680519104,"orthographic":false}