{"cameraMode":{"drawMode":0,"name":"Shaded","section":"Shading Mode"},"sceneLighting":false,"audioPlay":false,"sceneViewState":{"showFog":true,"showMaterialUpdate":false,"showSkybox":false,"showFlares":true,"showImageEffects":true,"showParticleSystems":true},"in2DMode":false,"pivot":{"x":0.00013974308967590332,"y":0.0629572868347168,"z":-0.03892922401428223},"rotation":{"x":0.09193866699934006,"y":-0.6119789481163025,"z":0.07193006575107575,"w":0.7822116613388062},"size":1.8542003631591797,"orthographic":false}